Gen,SNP,MA,MAF,,,,
ABO,rs657152,A,24%,,,,
ADIPOR1,rs1342387,C,48%,,,,
ADIPOR1,rs6666089,A,13%,,,,
APOA5,rs17120035 / rs662799,T,5%,G,16%,,
APOA5,rs3135506,C,11%,,,,
APOA5,rs964184,G,27%,,,,
APOB,rs1042034,C,27%,,,,
APOB,rs693,A,35%,,,,
APOC3,rs2854116,C,37%,C-482T,,ASOCIACION,"Petersen KF, et al. N Engl J Med, 2010."
APOC3,rs2854117,T,30%,T-455C,,ASOCIACION,"Petersen KF, et al. N Engl J Med, 2010."
APOC3,rs5128,G,17%,,,,
APPL1,rs3806622,C,36%,,,,
APPL1,rs4640525 ,G,40%,,,,
APPL2,rs 11112412 ,A,21%,,,,
CES2,rs2241410,A,3%,,,FAMILIAS,
CETP,rs12447924,C,23%,,,,
CETP,rs12597002,A,30%,,,,
Chr 11,rs2499604,T,36%,,,,
Chr 11,rs6591182,G,31%,,,,
Chr 12 PZP,rs6487679,C,10%,,,,
Chr 18,rs1421201,G,48%,,,,
Chr 4,rs2710833,T,20%,,,,
Chr 7,rs343062,T,44%,,,,
CNOT3,rs36633,C,33%,,,FAMILIAS,
COL13A1,rs1227756,A,40%,,,,
COL4A4,rs3752895,G,46%,,,FAMILIAS,
CPN1,rs7068215,G,45%,,,,
CPT1b,rs2269383,T,0%,,,,
CPT1b,rs3213445,C,24%,,,,
CPT1b,rs470117,T,46%,,,,
CPT2,rs1799821,A,43%,,,,
EFCAB4B,rs887304,T,9%,,,,
FABP1,rs1545224,G,9%,,,,
FABP1,rs2197076,A,9%,,,,
FABP1,rs2241883,C,38%,,,,
FABP2,rs1799883,T,28%,,,,
FASD1/ FASD2,RS174547,T,30%,,,,
FDFT1,rs2645424,A,42%,,,,
FGF21,rs499765 ,C,45%,,,,
GGT1,rs4820599,G,48%,,,,
GPLD1,rs9467160,A,23%,,,,
HMGCR,rs3846662,G,42%,,,,
HNF1A,rs2259816,T,36%,,,,
IL6,rs1800795,C,14%,,,,
JMJDIC,rs12355784,A,30%,,,,
LIPC,rs1800588,C,49%,,,,
LIPC,rs8034802,T,44%,,,,
LOC101927998,rs328384,A,29%,,,FAMILIAS,
LXR-b,rs1405655,C,47%,,,,
LXR-b,rs2248949,A,36%,,,,
LXR-b,rs2695121,T,33%,,,,
LYPLAL1,rs12137855,T,13%,,,GWAS,"Speliotes EK, et al. Plos Genet, 2011."
LYPLAL1,rs6699816,G,17%,,,CANDELA,
MGAT5,rs10179524,G,5%,,,CANDELA,
MTTP,rs1800591,T,17%,,,,
NCAN,rs2228603,T,2%,,,GWAS,"Speliotes EK, et al. Plos Genet, 2011."
NCAP5,rs9287423,A,17%,,,CANDELA,
NRG1,rs10100501,T,14%,,,CANDELA,
PARVB,rs5764455,A,44%,,,,
PARVB,rs6006473,C,50%,,,,
PHGDH,rs518027,T,27%,,,,
PHGDH,rs860674,A,26%,,,,
PID1,rs4972886,C,5%,,,CANDELA,
PNPLA3,rs738409,C,40%,,,GWAS,"Romeo S, et al. Nat Genet, 2008."
PPARa, rs1800206,G,4%,,,,
PPARa, rs1800234,C,5%,,,,
PPARd,rs2016520,C,10%,,,,
PPARd,rs6902123,C,5%,,,,
PPARg, rs10865710,G,45%,,,,
PPARg, rs3856806,T,11%,,,,
PPARGC1A,rs2290602,,,,,,
PPP1R3B,rs4240624,G,30%,,,GWAS,"Speliotes EK, et al. Plos Genet, 2011."
RP11,rs918703,C,26%,,,FAMILIAS,
SAMM50,rs3761472,G,35%,,,,
SAMM50,rs738491,T,42%,,,,
SCAP,rs2101247,A,48%,,,,
SCD1,rs10883463,C,7%,,,,
SESN1,rs12525751,A,12%,,,CANDELA,
SESN2,rs17163103,G,18%,,,CANDELA,
SREBP1C,rs11868035,A,50%,,,,
SREBP1C,rs1889018,A,42%,,,,
SREBP1C,rs2236513,C,44%,,,,
SREBP1C,rs2297508,G,44%,,,,
SREBP1C,rs6502618,G,43%,,,,
SREBP2,rs133291,T,13%,,,,
SREBP2,rs2228314,G,33%,,,,
TENM4,rs4944217,T,18%,,,CANDELA,
TM6SF2,rs58542926,T,6%,,,GWAS,"Kozlitina J, et al. Nat Genet, 2014."
TRIB1,rs17321515,G,39%,,,,
TRIB1,rs2954029,T,37%,,,,
TRIB1,rs6982502,T,43%,,,,
,,,,,,,
,,,,,,,
,,,,,,,
,,,,,,,SNPs candela
,,,,,,,SNPs ligamiento-familias