GEN,SNP,,MA,MAF,,,,
ABCA1,rs1883025,,T,35%,,,,
ABCA1,rs9282541,R230C,A,6%,,,,
ABCA8,rs4148008,,G,32%,,,,
ABCG1,rs1893590,,C,45%,,,,
ABCG1,rs57137919,,A,29%,,,,
ABCG5/8,rs4299376,,G,15%,,,,
ACE,rs4646994,,,,,,,
ANGPTL3,rs10889337,,A,36%,,,,
ANGPTL3,rs10889353,,C,34%,,,,
ANRIL,rs1333049,,C,50%,,,,
APOA1,rs6589564,,C,17%,,,,
APOA1,rs964184,,G,27%,,,,
APOA1/C3/A4/A5,rs28927680,,G,11%,,,,
APOA1/C3/A4/A5,rs3135506,,C,11%,,,,
APOA5,rs662799*,,G,16%,,,,
APOA5,rs964184,,G,27%,,,,
APOB,rs1042037,,,,,,,
APOB,rs515135,,T,19%,,,,
APOB,rs693,,A,35%,*,,,
APOB,rs7557067,,G,28%,,,,
APOE,rs439401,,T,50%,,,,
APOE,rs4420638,,G,8%,,,,
APOE,rs7412,,T,5%,,,,
BAI3,rs78536982,,T,8%,,,,
BCHE,rs1126680,,,,,,,
CAPN3,rs2412710,,A,5%,,,,
CCR6,rs62436827,,G,13%,,,,
CETP,rs118146573,,A,11%,,,,
CETP,rs1532624,,A,41%,,,,
CETP,rs1800775,,C,42%,,,,
CETP,rs1864163,,A,19%,,GWAS,"Willer CJ, et al. Nat Genet, 2008.",
CETP,rs3764261,,A,34%,,GWAS,"Willer CJ, et al. Nat Genet, 2008.",
CETP,rs5880,,C,8%,,,,
CETP,rs7205804,,A,41%,,,,
CETP,rs9989419,,A,26%,,,,
CILP2,rs10401969,,C,7%,,,,
COBLL1,rs10195252,,C,20%,,,,
COBLL1,rs12382675,,,,,,,
CYP26A1,rs2068888,,A,47%,,,,
CYP7A1,rs2081687,,T,20%,,,,
DNAH17,rs72925845,,A,5%,,,,
FADS,rs174547,,C,30%,,,,rs174537
FADS,rs174556,,,,,,,
FADS,rs174601,,C,22%,,,,
GALNT2,rs1321257,,G,41%,,,,
GALNT2,rs4846914,,G,45%,,GWAS,"Kathiresan S, et al. Nat Genet, 2008.",
GCKR,rs1260326,,T,39%,,*,,
GCKR,rs780094,,T,37%,,*,,
HMGCR,rs12916,,C,36%,,,,
HNF1A,rs1169300,,A,35%,,,,
IRS1,rs2943645,,C,20%,,,,
IRS1,rs2972146,,G,17%,,,"Teslovich TM, et al. Nature, 2010.",
LCAT ,rs16942887,,A,14%,,,,
LCAT ,rs2271293,,A,14%,,,,
LDLR,rs6511720,,T,7%,,,,
LIPC,rs10468017,,T,14%,,,,
LIPC,rs1532085,,A,35%,,,,
LIPC,rs1800588,,C,49%,,,,
LIPC,rs261342,,G,48%,,,,
LIPG,rs4939883,,T,5%,,,,
LIPG,rs7241918,,G,5%,,,,
"LOC286083,",rs28680850,,A,48%,,,,
LPL,rs10096633,,T,11%,,,,
LPL,rs12678919,,G,5%,,,,
LPL,rs2083637,,G,22%,,,,
LPL,rs2197089,,,,,,,
LPL,rs328,,G,6%,,,,
LPL,rs79236614,,G,5%,,,,
LRP1,rs11613352,,T,44%,,,,
LRP1,rs3741414,,T,44%,,,,
MHC2TA,rs8048002,,C,3%,,,,
MLXIPL,rs17145738,,T,8%,,GWAS,"Kathiresan S, et al. Nat Genet, 2008.",
MLXIPL,rs2286276,,T,18%,,,,
MLXIPL,rs7811265,,G,15%,,,,
MMAB,rs2338104,,G,47%,,,,
MYLIP,rs9370867,,A,24%,,,,
PLTP,rs4810479,,T,41%,,,,
PLTP,rs6065906,,C,15%,,,,
PLZF,rs7106340,,T,19%,,,,
PON1,rs662,,T,50%,,,,
PON1,rs854560,,T,17%,,,,
PPP1R3B,rs9987289,,A,30%,,,,
PSCK9,rs11206510,,,,,,,
PSCK9,rs2479409,,A,33%,,,,
RAF1,rs2290159,,C,17%,,,,
RORA,rs148533712,,C,42%,,,,
SCARB1,rs838880,,C,34%,,,,
SIK3,rs11216230,,A,8%,,,,
SIK3,rs139961185,,A,14%,,,,
SORT1,rs646776,,,,,GWAS,"Kathiresan S, et al. Nat Genet, 2008.",
SORT1,rs7528419,,G,17%,,,,
ST3GAL4,rs11220462,,A,11%,,,,
THOC5,rs8135828,,A,8%,,,,
TIMD4,rs2036402,,C,46%,,,,
TRIB1,rs10808546,,T,33%,,,,
TRIB1,rs2954029,,T,37%,,,"Teslovich TM, et al. Nature, 2010.",
TRIB1,rs4360309,,C,20%,,,,
TRIB2,rs1020605,,T,7%,,,,
TRIB2,rs1519543,,G,14%,,,,
UGT8,rs78557978,,C,5%,,,,
ZNF664,rs12310367,,G,28%,,,,
ZNF664,rs4765127,,T,28%,,,,
,,,,,,,,
,,,,,,,,SNPs candela